,url,day,wday
0,https://michalzajac.me/atom.xml,13,6
1,https://michalzajac.me/atom.xml,4,4
2,http://aneta-bielska.github.io/feed.xml,20,6
3,http://aneta-bielska.github.io/feed.xml,19,5
4,http://aneta-bielska.github.io/feed.xml,11,4
5,http://aneta-bielska.github.io/feed.xml,11,4
6,http://aneta-bielska.github.io/feed.xml,4,4
7,http://aneta-bielska.github.io/feed.xml,4,4
8,http://aneta-bielska.github.io/feed.xml,2,2
9,http://maque.github.io/feed.xml,21,0
10,http://maque.github.io/feed.xml,14,0
11,http://maque.github.io/feed.xml,11,4
12,http://maque.github.io/feed.xml,7,0
13,http://maque.github.io/feed.xml,3,3
14,http://dev.nitwoe.com/feed.xml,24,3
15,http://dev.nitwoe.com/feed.xml,20,6
16,http://dev.nitwoe.com/feed.xml,17,3
17,http://dev.nitwoe.com/feed.xml,15,1
18,http://dev.nitwoe.com/feed.xml,9,2
19,http://dev.nitwoe.com/feed.xml,4,4
20,http://dev.nitwoe.com/feed.xml,1,1
21,http://dev.kielczykowski.pl/feed.xml,24,3
22,http://dev.kielczykowski.pl/feed.xml,11,4
23,http://dev.kielczykowski.pl/feed.xml,4,4
24,http://dev.kielczykowski.pl/feed.xml,1,1
25,http://klimek.link/blog/feed/,24,3
26,http://klimek.link/blog/feed/,22,1
27,http://klimek.link/blog/feed/,17,3
28,http://klimek.link/blog/feed/,10,3
29,http://klimek.link/blog/feed/,6,6
30,http://jakubdziworski.github.io/feed.xml,23,2
31,http://jakubdziworski.github.io/feed.xml,22,1
32,http://jakubdziworski.github.io/feed.xml,16,2
33,http://jakubdziworski.github.io/feed.xml,11,4
34,http://jakubdziworski.github.io/feed.xml,10,3
35,http://jakubdziworski.github.io/feed.xml,9,2
36,http://mickl.net/feed/,24,3
37,http://mickl.net/feed/,21,0
38,http://mickl.net/feed/,17,3
39,http://mickl.net/feed/,14,0
40,http://mickl.net/feed/,7,0
41,https://jacek.migdal.pl/feed.xml,18,4
42,http://blog.e-polecanie.pl/feed/,21,0
43,http://blog.e-polecanie.pl/feed/,17,3
44,http://blog.e-polecanie.pl/feed/,13,6
45,http://dodocs.azurewebsites.net/rss,12,5
46,http://dodocs.azurewebsites.net/rss,13,6
47,http://dev.mensfeld.pl/feed/,20,6
48,https://art-of-ai.com/feed/,20,6
49,https://art-of-ai.com/feed/,18,4
50,https://art-of-ai.com/feed/,10,3
51,https://art-of-ai.com/feed/,7,0
52,https://art-of-ai.com/feed/,4,4
53,https://art-of-ai.com/feed/,1,1
54,"http://www.dobreprogramy.pl/djfoxer,Rss",20,6
55,"http://www.dobreprogramy.pl/djfoxer,Rss",16,2
56,"http://www.dobreprogramy.pl/djfoxer,Rss",12,5
57,"http://www.dobreprogramy.pl/djfoxer,Rss",9,2
58,"http://www.dobreprogramy.pl/djfoxer,Rss",6,6
59,http://czekanski.info/feed/,20,6
60,http://czekanski.info/feed/,17,3
61,http://czekanski.info/feed/,13,6
62,http://czekanski.info/feed/,6,6
63,https://tomoitblog.wordpress.com/feed/,4,4
64,http://doriansobacki.pl/feed/,20,6
65,http://doriansobacki.pl/feed/,14,0
66,http://namiekko.pl/feed/,25,4
67,http://namiekko.pl/feed/,20,6
68,http://namiekko.pl/feed/,18,4
69,http://namiekko.pl/feed/,13,6
70,http://namiekko.pl/feed/,11,4
71,http://namiekko.pl/feed/,7,0
72,http://namiekko.pl/feed/,5,5
73,http://namiekko.pl/feed/,1,1
74,http://blog.gonek.net/feed/,22,1
75,http://blog.gonek.net/feed/,20,6
76,http://blog.gonek.net/feed/,18,4
77,http://blog.gonek.net/feed/,13,6
78,http://blog.gonek.net/feed/,8,1
79,http://blog.gonek.net/feed/,3,3
80,http://kotprogramistyczny.pl/feed/,21,0
81,http://kotprogramistyczny.pl/feed/,18,4
82,http://kotprogramistyczny.pl/feed/,17,3
83,http://kotprogramistyczny.pl/feed/,13,6
84,http://kotprogramistyczny.pl/feed/,10,3
85,http://kotprogramistyczny.pl/feed/,8,1
86,http://kotprogramistyczny.pl/feed/,5,5
87,http://kotprogramistyczny.pl/feed/,3,3
88,https://beabest.wordpress.com/feed/,20,6
89,https://beabest.wordpress.com/feed/,19,5
90,https://beabest.wordpress.com/feed/,13,6
91,https://beabest.wordpress.com/feed/,11,4
92,https://beabest.wordpress.com/feed/,4,4
93,https://beabest.wordpress.com/feed/,1,1
94,http://blog.yellowmoleproductions.pl/feed/,9,2
95,http://blog.yellowmoleproductions.pl/feed/,7,0
96,http://blog.yellowmoleproductions.pl/feed/,2,2
97,http://blog.yellowmoleproductions.pl/feed/,1,1
98,http://gronek.gq/feed/,10,3
99,http://piatkosia.k4be.pl/wordpress/?feed=rss2,13,6
100,http://piatkosia.k4be.pl/wordpress/?feed=rss2,12,5
101,http://piatkosia.k4be.pl/wordpress/?feed=rss2,10,3
102,http://piatkosia.k4be.pl/wordpress/?feed=rss2,8,1
103,http://piatkosia.k4be.pl/wordpress/?feed=rss2,1,1
104,http://negativeprogrammer.blogspot.com/feeds/posts/default,23,2
105,http://negativeprogrammer.blogspot.com/feeds/posts/default,21,0
106,http://negativeprogrammer.blogspot.com/feeds/posts/default,16,2
107,http://negativeprogrammer.blogspot.com/feeds/posts/default,14,0
108,http://negativeprogrammer.blogspot.com/feeds/posts/default,9,2
109,http://negativeprogrammer.blogspot.com/feeds/posts/default,7,0
110,http://negativeprogrammer.blogspot.com/feeds/posts/default,2,2
111,http://negativeprogrammer.blogspot.com/feeds/posts/default,1,1
112,http://devbochenek.pl/feed/,8,1
113,http://devbochenek.pl/feed/,6,6
114,http://devbochenek.pl/feed/,2,2
115,https://dziewczynazpytonem.wordpress.com/feed/,13,6
116,https://dziewczynazpytonem.wordpress.com/feed/,7,0
117,https://dziewczynazpytonem.wordpress.com/feed/,1,1
118,http://blog.chyla.org/rss,20,6
119,http://blog.chyla.org/rss,13,6
120,http://blog.chyla.org/rss,11,4
121,http://blog.chyla.org/rss,4,4
122,http://blog.chyla.org/rss,1,1
123,http://blog.chyla.org/rss,1,1
124,http://szymekk.me/blog/feed/,25,4
125,http://szymekk.me/blog/feed/,19,5
126,http://szymekk.me/blog/feed/,6,6
127,http://szymekk.me/blog/feed/,2,2
128,http://www.dedlajn.pl/feeds/posts/default,8,1
129,http://www.dedlajn.pl/feeds/posts/default,4,4
130,http://www.dedlajn.pl/feeds/posts/default,1,1
131,http://filipcinik.azurewebsites.net/index.php/feed/,20,6
132,http://filipcinik.azurewebsites.net/index.php/feed/,16,2
133,http://filipcinik.azurewebsites.net/index.php/feed/,12,5
134,http://filipcinik.azurewebsites.net/index.php/feed/,12,5
135,http://filipcinik.azurewebsites.net/index.php/feed/,6,6
136,http://filipcinik.azurewebsites.net/index.php/feed/,3,3
137,http://emigd.azurewebsites.net/feed.xml,25,4
138,http://emigd.azurewebsites.net/feed.xml,20,6
139,http://emigd.azurewebsites.net/feed.xml,16,2
140,http://emigd.azurewebsites.net/feed.xml,13,6
141,http://emigd.azurewebsites.net/feed.xml,8,1
142,http://emigd.azurewebsites.net/feed.xml,4,4
143,http://emigd.azurewebsites.net/feed.xml,1,1
144,http://www.devanarch.com/feed/,14,0
145,http://www.devanarch.com/feed/,13,6
146,http://www.devanarch.com/feed/,7,0
147,http://www.devanarch.com/feed/,5,5
148,http://knowakowski.azurewebsites.net/feed/,18,4
149,http://knowakowski.azurewebsites.net/feed/,14,0
150,http://knowakowski.azurewebsites.net/feed/,9,2
151,http://knowakowski.azurewebsites.net/feed/,8,1
152,http://knowakowski.azurewebsites.net/feed/,5,5
153,http://knowakowski.azurewebsites.net/feed/,1,1
154,http://www.adambac.com/feed.xml,25,4
155,http://www.adambac.com/feed.xml,24,3
156,http://www.adambac.com/feed.xml,18,4
157,http://www.adambac.com/feed.xml,17,3
158,http://www.adambac.com/feed.xml,12,5
159,http://www.adambac.com/feed.xml,8,1
160,http://www.adambac.com/feed.xml,4,4
161,http://www.adambac.com/feed.xml,1,1
162,http://tomaszkorecki.com/feed/,22,1
163,http://tomaszkorecki.com/feed/,19,5
164,http://tomaszkorecki.com/feed/,15,1
165,http://tomaszkorecki.com/feed/,11,4
166,http://tomaszkorecki.com/feed/,8,1
167,http://tomaszkorecki.com/feed/,6,6
168,http://tomaszkorecki.com/feed/,4,4
169,http://tomaszkorecki.com/feed/,1,1
170,http://www.sebastiangruchacz.pl/feed/,24,3
171,http://www.sebastiangruchacz.pl/feed/,21,0
172,http://www.sebastiangruchacz.pl/feed/,21,0
173,http://www.sebastiangruchacz.pl/feed/,14,0
174,http://www.sebastiangruchacz.pl/feed/,9,2
175,http://www.sebastiangruchacz.pl/feed/,7,0
176,http://paweltymura.pl/feed/,25,4
177,http://paweltymura.pl/feed/,23,2
178,http://paweltymura.pl/feed/,23,2
179,http://paweltymura.pl/feed/,18,4
180,http://paweltymura.pl/feed/,17,3
181,http://paweltymura.pl/feed/,17,3
182,http://paweltymura.pl/feed/,9,2
183,http://paweltymura.pl/feed/,9,2
184,http://paweltymura.pl/feed/,8,1
185,http://paweltymura.pl/feed/,8,1
186,http://www.pyrzyk.net/feed/,24,3
187,http://www.pyrzyk.net/feed/,21,0
188,http://www.pyrzyk.net/feed/,17,3
189,http://www.pyrzyk.net/feed/,13,6
190,http://www.pyrzyk.net/feed/,7,0
191,http://www.pyrzyk.net/feed/,3,3
192,http://www.pyrzyk.net/feed/,1,1
193,http://marcinszyszka.pl/feed/,20,6
194,http://marcinszyszka.pl/feed/,16,2
195,http://marcinszyszka.pl/feed/,13,6
196,http://marcinszyszka.pl/feed/,9,2
197,http://marcinszyszka.pl/feed/,6,6
198,http://marcinszyszka.pl/feed/,2,2
199,http://marcinszyszka.pl/feed/,1,1
200,http://blog.kars7e.io/feed.xml,4,4
201,http://blog.kars7e.io/feed.xml,1,1
202,http://mateorobiapke.blogspot.com/feeds/posts/default,21,0
203,http://mateorobiapke.blogspot.com/feeds/posts/default,9,2
204,http://mateorobiapke.blogspot.com/feeds/posts/default,2,2
205,http://tomasz.dudziak.eu/feed/,14,0
206,http://tomasz.dudziak.eu/feed/,6,6
207,https://dotnetcoder.wordpress.com/feed/,23,2
208,https://dotnetcoder.wordpress.com/feed/,21,0
209,https://dotnetcoder.wordpress.com/feed/,18,4
210,https://dotnetcoder.wordpress.com/feed/,15,1
211,https://dotnetcoder.wordpress.com/feed/,12,5
212,https://dotnetcoder.wordpress.com/feed/,10,3
213,https://dotnetcoder.wordpress.com/feed/,4,4
214,https://dotnetcoder.wordpress.com/feed/,1,1
215,http://jakubskoczen.pl/feed/,20,6
216,http://jakubskoczen.pl/feed/,16,2
217,http://jakubskoczen.pl/feed/,11,4
218,http://jakubskoczen.pl/feed/,8,1
219,http://jakubskoczen.pl/feed/,6,6
220,http://jakubskoczen.pl/feed/,3,3
221,http://jakubskoczen.pl/feed/,1,1
222,http://krzysztofzawistowski.azurewebsites.net/?feed=rss2,23,2
223,http://krzysztofzawistowski.azurewebsites.net/?feed=rss2,19,5
224,http://krzysztofzawistowski.azurewebsites.net/?feed=rss2,17,3
225,http://krzysztofzawistowski.azurewebsites.net/?feed=rss2,13,6
226,http://krzysztofzawistowski.azurewebsites.net/?feed=rss2,7,0
227,http://krzysztofzawistowski.azurewebsites.net/?feed=rss2,3,3
228,https://brinf.wordpress.com/feed/,25,4
229,https://brinf.wordpress.com/feed/,20,6
230,https://brinf.wordpress.com/feed/,18,4
231,https://brinf.wordpress.com/feed/,15,1
232,https://brinf.wordpress.com/feed/,12,5
233,https://brinf.wordpress.com/feed/,10,3
234,https://brinf.wordpress.com/feed/,9,2
235,https://brinf.wordpress.com/feed/,5,5
236,https://devblog.dymel.pl/feed/,25,4
237,https://devblog.dymel.pl/feed/,22,1
238,https://devblog.dymel.pl/feed/,18,4
239,https://devblog.dymel.pl/feed/,15,1
240,https://devblog.dymel.pl/feed/,10,3
241,https://devblog.dymel.pl/feed/,7,0
242,http://koscielniak.me/post/index.xml,24,3
243,http://koscielniak.me/post/index.xml,21,0
244,http://koscielniak.me/post/index.xml,18,4
245,http://koscielniak.me/post/index.xml,16,2
246,http://koscielniak.me/post/index.xml,14,0
247,http://koscielniak.me/post/index.xml,9,2
248,http://koscielniak.me/post/index.xml,8,1
249,http://koscielniak.me/post/index.xml,2,2
250,http://koscielniak.me/post/index.xml,1,1
251,http://liveshare.azurewebsites.net/feed/,1,1
252,http://blog.lantkowiak.pl/index.php/feed/,25,4
253,http://blog.lantkowiak.pl/index.php/feed/,22,1
254,http://blog.lantkowiak.pl/index.php/feed/,18,4
255,http://blog.lantkowiak.pl/index.php/feed/,15,1
256,http://blog.lantkowiak.pl/index.php/feed/,11,4
257,http://blog.lantkowiak.pl/index.php/feed/,8,1
258,http://blog.lantkowiak.pl/index.php/feed/,4,4
259,http://blog.lantkowiak.pl/index.php/feed/,1,1
260,http://pumiko.pl/feed.xml,16,2
261,http://pumiko.pl/feed.xml,15,1
262,http://pumiko.pl/feed.xml,6,6
263,http://pumiko.pl/feed.xml,2,2
264,http://kodikable.pl/rss/,12,5
265,http://kodikable.pl/rss/,12,5
266,http://kodikable.pl/rss/,7,0
267,http://kodikable.pl/rss/,7,0
268,http://kodikable.pl/rss/,3,3
269,http://halibuti.blogspot.com/feeds/posts/default,16,2
270,http://halibuti.blogspot.com/feeds/posts/default,7,0
271,http://jaroslawstadnicki.pl/feed/,21,0
272,http://jaroslawstadnicki.pl/feed/,21,0
273,http://jaroslawstadnicki.pl/feed/,20,6
274,http://jaroslawstadnicki.pl/feed/,17,3
275,http://jaroslawstadnicki.pl/feed/,12,5
276,http://jaroslawstadnicki.pl/feed/,10,3
277,http://jaroslawstadnicki.pl/feed/,6,6
278,http://jaroslawstadnicki.pl/feed/,3,3
279,http://jaroslawstadnicki.pl/feed/,1,1
280,https://duszekmestre.wordpress.com/feed/,26,5
281,https://duszekmestre.wordpress.com/feed/,23,2
282,https://duszekmestre.wordpress.com/feed/,20,6
283,https://duszekmestre.wordpress.com/feed/,20,6
284,https://duszekmestre.wordpress.com/feed/,13,6
285,https://duszekmestre.wordpress.com/feed/,9,2
286,https://duszekmestre.wordpress.com/feed/,5,5
287,https://duszekmestre.wordpress.com/feed/,2,2
288,http://koscielski.ninja/feed/,25,4
289,http://koscielski.ninja/feed/,21,0
290,http://koscielski.ninja/feed/,20,6
291,http://koscielski.ninja/feed/,18,4
292,http://koscielski.ninja/feed/,11,4
293,http://koscielski.ninja/feed/,7,0
294,http://koscielski.ninja/feed/,2,2
295,http://koscielski.ninja/feed/,1,1
296,http://koscielski.ninja/feed/,1,1
297,http://matma.github.io/feed.xml,20,6
298,http://matma.github.io/feed.xml,13,6
299,http://matma.github.io/feed.xml,9,2
300,http://matma.github.io/feed.xml,5,5
301,http://matma.github.io/feed.xml,1,1
302,http://localwire.pl/feed/,23,2
303,http://localwire.pl/feed/,20,6
304,http://localwire.pl/feed/,16,2
305,http://localwire.pl/feed/,14,0
306,http://localwire.pl/feed/,11,4
307,http://localwire.pl/feed/,9,2
308,http://localwire.pl/feed/,4,4
309,http://localwire.pl/feed/,3,3
310,http://localwire.pl/feed/,2,2
311,http://oxbow.pl/feed/,16,2
312,http://oxbow.pl/feed/,11,4
313,http://oxbow.pl/feed/,6,6
314,http://oxbow.pl/feed/,1,1
315,http://adam.skobo.pl/?feed=rss2,25,4
316,http://adam.skobo.pl/?feed=rss2,23,2
317,http://adam.skobo.pl/?feed=rss2,15,1
318,http://adam.skobo.pl/?feed=rss2,13,6
319,http://adam.skobo.pl/?feed=rss2,6,6
320,http://adam.skobo.pl/?feed=rss2,3,3
321,http://adam.skobo.pl/?feed=rss2,2,2
322,http://it-michal-sitko.blogspot.com/feeds/posts/default,22,1
323,http://kduszynski.pl/feed/,25,4
324,http://kduszynski.pl/feed/,23,2
325,http://kduszynski.pl/feed/,18,4
326,http://kduszynski.pl/feed/,15,1
327,http://kduszynski.pl/feed/,11,4
328,http://kduszynski.pl/feed/,9,2
329,http://kduszynski.pl/feed/,4,4
330,http://kduszynski.pl/feed/,1,1
331,http://kduszynski.pl/feed/,1,1
332,https://blog.scooletz.com/feed/,25,4
333,https://blog.scooletz.com/feed/,22,1
334,https://blog.scooletz.com/feed/,20,6
335,https://blog.scooletz.com/feed/,18,4
336,https://blog.scooletz.com/feed/,17,3
337,https://blog.scooletz.com/feed/,15,1
338,https://blog.scooletz.com/feed/,10,3
339,https://blog.scooletz.com/feed/,8,1
340,https://blog.scooletz.com/feed/,3,3
341,https://blog.scooletz.com/feed/,1,1
342,http://dsp.katafrakt.me/feed.xml,23,2
343,http://dsp.katafrakt.me/feed.xml,20,6
344,http://dsp.katafrakt.me/feed.xml,19,5
345,http://dsp.katafrakt.me/feed.xml,13,6
346,http://dsp.katafrakt.me/feed.xml,8,1
347,http://dsp.katafrakt.me/feed.xml,6,6
348,http://dsp.katafrakt.me/feed.xml,4,4
349,http://www.karolpysklo.pl/?feed=rss2,2,2
350,http://www.karolpysklo.pl/?feed=rss2,1,1
351,http://student.agh.edu.pl/~kefas/?feed=rss2,2,2
352,http://blog.kokosa.net/syndication.axd,26,5
353,http://blog.kokosa.net/syndication.axd,20,6
354,http://blog.kokosa.net/syndication.axd,9,2
355,https://slaviannblog.wordpress.com/feed/,20,6
356,https://slaviannblog.wordpress.com/feed/,17,3
357,https://slaviannblog.wordpress.com/feed/,13,6
358,https://slaviannblog.wordpress.com/feed/,10,3
359,https://slaviannblog.wordpress.com/feed/,6,6
360,https://slaviannblog.wordpress.com/feed/,3,3
361,http://www.bodolsog.pl/devblog/feed/,22,1
362,http://www.bodolsog.pl/devblog/feed/,20,6
363,http://www.bodolsog.pl/devblog/feed/,15,1
364,http://www.bodolsog.pl/devblog/feed/,12,5
365,http://www.bodolsog.pl/devblog/feed/,8,1
366,http://www.bodolsog.pl/devblog/feed/,5,5
367,http://www.bodolsog.pl/devblog/feed/,1,1
368,http://www.bodolsog.pl/devblog/feed/,1,1
369,http://michalgellert.blogspot.com/feeds/posts/default,25,4
370,http://michalgellert.blogspot.com/feeds/posts/default,24,3
371,http://michalgellert.blogspot.com/feeds/posts/default,19,5
372,http://michalgellert.blogspot.com/feeds/posts/default,13,6
373,http://michalgellert.blogspot.com/feeds/posts/default,3,3
374,http://feeds.feedburner.com/PassionateProgram,15,1
375,http://feeds.feedburner.com/PassionateProgram,13,6
376,http://feeds.feedburner.com/PassionateProgram,1,1
377,http://donpiekarz.pl/feed.xml,14,0
378,http://donpiekarz.pl/feed.xml,4,4
379,http://piotr-wandycz.pl/feed/,25,4
380,http://piotr-wandycz.pl/feed/,21,0
381,http://piotr-wandycz.pl/feed/,20,6
382,http://piotr-wandycz.pl/feed/,18,4
383,http://piotr-wandycz.pl/feed/,17,3
384,http://piotr-wandycz.pl/feed/,16,2
385,http://piotr-wandycz.pl/feed/,15,1
386,http://piotr-wandycz.pl/feed/,14,0
387,http://piotr-wandycz.pl/feed/,13,6
388,http://piotr-wandycz.pl/feed/,12,5
389,http://adamszneider.azurewebsites.net/feed/,20,6
390,http://adamszneider.azurewebsites.net/feed/,18,4
391,http://adamszneider.azurewebsites.net/feed/,13,6
392,http://adamszneider.azurewebsites.net/feed/,10,3
393,http://adamszneider.azurewebsites.net/feed/,5,5
394,http://adamszneider.azurewebsites.net/feed/,1,1
395,http://www.xaocml.me/feed.xml,17,3
396,http://www.xaocml.me/feed.xml,17,3
397,http://www.xaocml.me/feed.xml,7,0
398,http://www.xaocml.me/feed.xml,2,2
399,http://sebcza.pl/feed/,12,5
400,http://sebcza.pl/feed/,4,4
401,http://www.wearesicc.com/feed/,23,2
402,http://www.wearesicc.com/feed/,13,6
403,http://www.wearesicc.com/feed/,6,6
404,http://www.wearesicc.com/feed/,2,2
405,http://tomaszjarzynski.pl/feed/,26,5
406,http://tomaszjarzynski.pl/feed/,24,3
407,http://tomaszjarzynski.pl/feed/,23,2
408,http://tomaszjarzynski.pl/feed/,22,1
409,http://tomaszjarzynski.pl/feed/,16,2
410,http://tomaszjarzynski.pl/feed/,9,2
411,http://tomaszjarzynski.pl/feed/,6,6
412,http://tomaszjarzynski.pl/feed/,5,5
413,http://toomanyitprojects.azurewebsites.net/feed/,18,4
414,http://toomanyitprojects.azurewebsites.net/feed/,6,6
415,http://toomanyitprojects.azurewebsites.net/feed/,3,3
416,http://toomanyitprojects.azurewebsites.net/feed/,3,3
417,http://krystianbrozek.pl/feed/,13,6
418,http://krystianbrozek.pl/feed/,8,1
419,http://krystianbrozek.pl/feed/,1,1
420,http://rzeczybezinternetu.blogspot.com/feeds/posts/default,25,4
421,http://rzeczybezinternetu.blogspot.com/feeds/posts/default,25,4
422,http://rzeczybezinternetu.blogspot.com/feeds/posts/default,18,4
423,http://rzeczybezinternetu.blogspot.com/feeds/posts/default,17,3
424,http://rzeczybezinternetu.blogspot.com/feeds/posts/default,10,3
425,http://rzeczybezinternetu.blogspot.com/feeds/posts/default,10,3
426,http://rzeczybezinternetu.blogspot.com/feeds/posts/default,2,2
427,http://rzeczybezinternetu.blogspot.com/feeds/posts/default,1,1
428,http://lukasz-jankowski.pl/feed/,13,6
429,http://lukasz-jankowski.pl/feed/,10,3
430,http://lukasz-jankowski.pl/feed/,7,0
431,http://lukasz-jankowski.pl/feed/,3,3
432,http://lukasz-jankowski.pl/feed/,1,1
433,http://www.md-techblog.net.pl/feed/,24,3
434,http://www.md-techblog.net.pl/feed/,21,0
435,http://www.md-techblog.net.pl/feed/,18,4
436,http://www.md-techblog.net.pl/feed/,16,2
437,http://www.md-techblog.net.pl/feed/,11,4
438,http://www.md-techblog.net.pl/feed/,9,2
439,http://www.md-techblog.net.pl/feed/,8,1
440,http://www.md-techblog.net.pl/feed/,7,0
441,http://www.md-techblog.net.pl/feed/,4,4
442,http://www.md-techblog.net.pl/feed/,2,2
443,http://swistak35.com/feed.xml,7,0
444,http://www.mikolajdemkow.pl/feed,23,2
445,http://www.mikolajdemkow.pl/feed,6,6
446,http://www.mikolajdemkow.pl/feed,4,4
447,http://kubasz.esy.es/feed/,20,6
448,http://kubasz.esy.es/feed/,17,3
449,http://kubasz.esy.es/feed/,15,1
450,http://kubasz.esy.es/feed/,13,6
451,http://kubasz.esy.es/feed/,2,2
452,http://szumiato.pl/feed/,17,3
453,http://szumiato.pl/feed/,14,0
454,http://szumiato.pl/feed/,8,1
455,http://szumiato.pl/feed/,5,5
456,http://szumiato.pl/feed/,2,2
457,http://mateuszstanek.pl/feed/,25,4
458,http://mateuszstanek.pl/feed/,22,1
459,http://mateuszstanek.pl/feed/,17,3
460,http://mateuszstanek.pl/feed/,8,1
461,http://mateuszstanek.pl/feed/,3,3
462,http://metodprojekt.blogspot.com/feeds/posts/default,26,5
463,http://metodprojekt.blogspot.com/feeds/posts/default,25,4
464,http://metodprojekt.blogspot.com/feeds/posts/default,21,0
465,http://metodprojekt.blogspot.com/feeds/posts/default,18,4
466,http://metodprojekt.blogspot.com/feeds/posts/default,16,2
467,http://metodprojekt.blogspot.com/feeds/posts/default,11,4
468,http://metodprojekt.blogspot.com/feeds/posts/default,10,3
469,http://metodprojekt.blogspot.com/feeds/posts/default,9,2
470,http://metodprojekt.blogspot.com/feeds/posts/default,5,5
471,http://metodprojekt.blogspot.com/feeds/posts/default,3,3
472,http://metodprojekt.blogspot.com/feeds/posts/default,1,1
473,http://metodprojekt.blogspot.com/feeds/posts/default,1,1
474,https://devprzemm.wordpress.com/feed/,21,0
475,https://devprzemm.wordpress.com/feed/,21,0
476,https://devprzemm.wordpress.com/feed/,18,4
477,https://devprzemm.wordpress.com/feed/,16,2
478,https://devprzemm.wordpress.com/feed/,12,5
479,https://devprzemm.wordpress.com/feed/,12,5
480,https://devprzemm.wordpress.com/feed/,3,3
481,https://devprzemm.wordpress.com/feed/,3,3
482,https://devprzemm.wordpress.com/feed/,2,2
483,https://devprzemm.wordpress.com/feed/,1,1
484,http://incodable.blogspot.com/feeds/posts/default,20,6
485,http://incodable.blogspot.com/feeds/posts/default,15,1
486,http://incodable.blogspot.com/feeds/posts/default,13,6
487,http://incodable.blogspot.com/feeds/posts/default,10,3
488,http://incodable.blogspot.com/feeds/posts/default,10,3
489,http://incodable.blogspot.com/feeds/posts/default,6,6
490,http://incodable.blogspot.com/feeds/posts/default,6,6
491,http://incodable.blogspot.com/feeds/posts/default,3,3
492,http://incodable.blogspot.com/feeds/posts/default,3,3
493,http://masakradev.tk/?feed=rss2,10,3
494,http://crynkowski.pl/feed/,18,4
495,http://manisero.net/feed/,22,1
496,http://manisero.net/feed/,19,5
497,http://manisero.net/feed/,15,1
498,http://manisero.net/feed/,12,5
499,http://manisero.net/feed/,9,2
500,http://manisero.net/feed/,5,5
501,http://manisero.net/feed/,1,1
502,http://programistka.net/feed/,20,6
503,http://programistka.net/feed/,19,5
504,http://programistka.net/feed/,13,6
505,http://programistka.net/feed/,11,4
506,http://programistka.net/feed/,9,2
507,http://programistka.net/feed/,6,6
508,http://programistka.net/feed/,2,2
509,http://programistka.net/feed/,2,2
510,http://programistka.net/feed/,2,2
511,http://programistka.net/feed/,1,1
512,http://mbork.pl/?action=rss,24,3
513,http://mbork.pl/?action=rss,23,2
514,http://mbork.pl/?action=rss,22,1
515,http://mbork.pl/?action=rss,19,5
516,http://mbork.pl/?action=rss,16,2
517,http://mbork.pl/?action=rss,15,1
518,http://mbork.pl/?action=rss,11,4
519,http://mbork.pl/?action=rss,10,3
520,http://mbork.pl/?action=rss,8,1
521,http://mbork.pl/?action=rss,3,3
522,http://mbork.pl/?action=rss,2,2
523,http://mbork.pl/?action=rss,1,1
524,http://lion.net.pl/blog/feed.xml,24,3
525,http://lion.net.pl/blog/feed.xml,17,3
526,http://lion.net.pl/blog/feed.xml,15,1
527,http://lion.net.pl/blog/feed.xml,12,5
528,http://lion.net.pl/blog/feed.xml,7,0
529,http://lion.net.pl/blog/feed.xml,3,3
530,http://lion.net.pl/blog/feed.xml,1,1
531,http://www.diwebsity.com/feed/,24,3
532,http://www.diwebsity.com/feed/,22,1
533,http://www.diwebsity.com/feed/,17,3
534,http://www.diwebsity.com/feed/,15,1
535,http://www.diwebsity.com/feed/,10,3
536,http://www.diwebsity.com/feed/,8,1
537,http://www.diwebsity.com/feed/,3,3
538,http://www.diwebsity.com/feed/,1,1
539,http://michalogluszka.pl/feed/,22,1
540,http://michalogluszka.pl/feed/,19,5
541,http://michalogluszka.pl/feed/,10,3
542,http://michalogluszka.pl/feed/,8,1
543,http://michalogluszka.pl/feed/,2,2
544,http://michalogluszka.pl/feed/,2,2
545,http://sprobujzmiany.blogspot.com/feeds/posts/default,15,1
546,http://sprobujzmiany.blogspot.com/feeds/posts/default,15,1
547,http://sprobujzmiany.blogspot.com/feeds/posts/default,15,1
548,http://sprobujzmiany.blogspot.com/feeds/posts/default,13,6
549,http://sprobujzmiany.blogspot.com/feeds/posts/default,8,1
550,http://sprobujzmiany.blogspot.com/feeds/posts/default,4,4
551,http://sprobujzmiany.blogspot.com/feeds/posts/default,3,3
552,https://adrianancymon.wordpress.com/feed/,22,1
553,https://adrianancymon.wordpress.com/feed/,21,0
554,https://adrianancymon.wordpress.com/feed/,15,1
555,https://adrianancymon.wordpress.com/feed/,12,5
556,https://adrianancymon.wordpress.com/feed/,9,2
557,https://adrianancymon.wordpress.com/feed/,8,1
558,https://adrianancymon.wordpress.com/feed/,4,4
559,https://adrianancymon.wordpress.com/feed/,3,3
560,https://adrianancymon.wordpress.com/feed/,2,2
561,https://adrianancymon.wordpress.com/feed/,1,1
562,https://stitzdev.wordpress.com/feed/,25,4
563,https://stitzdev.wordpress.com/feed/,20,6
564,https://stitzdev.wordpress.com/feed/,19,5
565,https://stitzdev.wordpress.com/feed/,15,1
566,https://stitzdev.wordpress.com/feed/,12,5
567,https://stitzdev.wordpress.com/feed/,10,3
568,https://stitzdev.wordpress.com/feed/,4,4
569,https://stitzdev.wordpress.com/feed/,2,2
570,http://cezary.mcwronka.com.hostingasp.pl/feed/,17,3
571,http://cezary.mcwronka.com.hostingasp.pl/feed/,16,2
572,http://cezary.mcwronka.com.hostingasp.pl/feed/,13,6
573,http://cezary.mcwronka.com.hostingasp.pl/feed/,7,0
574,http://cezary.mcwronka.com.hostingasp.pl/feed/,6,6
575,http://chmielowski.net/feed/,22,1
576,http://chmielowski.net/feed/,20,6
577,http://chmielowski.net/feed/,17,3
578,http://chmielowski.net/feed/,13,6
579,http://chmielowski.net/feed/,12,5
580,http://chmielowski.net/feed/,10,3
581,http://chmielowski.net/feed/,9,2
582,http://chmielowski.net/feed/,1,1
583,https://damianwojcikblog.wordpress.com/feed/,25,4
584,https://damianwojcikblog.wordpress.com/feed/,20,6
585,https://damianwojcikblog.wordpress.com/feed/,15,1
586,https://damianwojcikblog.wordpress.com/feed/,7,0
587,https://damianwojcikblog.wordpress.com/feed/,1,1
588,http://maciejskuratowski.com/feed/,20,6
589,http://maciejskuratowski.com/feed/,19,5
590,http://maciejskuratowski.com/feed/,15,1
591,http://maciejskuratowski.com/feed/,14,0
592,http://maciejskuratowski.com/feed/,7,0
593,http://maciejskuratowski.com/feed/,3,3
594,http://maciejskuratowski.com/feed/,2,2
595,http://tokenbattle.blogspot.com/feeds/posts/default,25,4
596,http://tokenbattle.blogspot.com/feeds/posts/default,12,5
597,http://tokenbattle.blogspot.com/feeds/posts/default,9,2
598,http://tokenbattle.blogspot.com/feeds/posts/default,5,5
599,http://tokenbattle.blogspot.com/feeds/posts/default,3,3
600,http://tokenbattle.blogspot.com/feeds/posts/default,1,1
601,http://napierala.org.pl/blog/feed/,23,2
602,http://napierala.org.pl/blog/feed/,19,5
603,http://napierala.org.pl/blog/feed/,16,2
604,http://napierala.org.pl/blog/feed/,12,5
605,http://napierala.org.pl/blog/feed/,10,3
606,http://napierala.org.pl/blog/feed/,5,5
607,http://napierala.org.pl/blog/feed/,2,2
608,http://nicholaszyl.net/feed/,20,6
609,http://nicholaszyl.net/feed/,10,3
610,http://nicholaszyl.net/feed/,4,4
611,http://nicholaszyl.net/feed/,1,1
612,http://milena.mcwronka.com.hostingasp.pl/feed/,20,6
613,http://milena.mcwronka.com.hostingasp.pl/feed/,20,6
614,http://milena.mcwronka.com.hostingasp.pl/feed/,20,6
615,http://immora.azurewebsites.net/feed/,24,3
616,http://immora.azurewebsites.net/feed/,20,6
617,http://immora.azurewebsites.net/feed/,19,5
618,http://immora.azurewebsites.net/feed/,16,2
619,http://immora.azurewebsites.net/feed/,12,5
620,http://immora.azurewebsites.net/feed/,7,0
621,http://immora.azurewebsites.net/feed/,2,2
622,http://blog.leszczynski.it/feed/,24,3
623,http://blog.leszczynski.it/feed/,17,3
624,http://blog.leszczynski.it/feed/,5,5
625,http://blog.leszczynski.it/feed/,3,3
626,http://blog.leszczynski.it/feed/,1,1
627,http://addictedtocreating.pl/feed/,13,6
628,http://addictedtocreating.pl/feed/,12,5
629,http://addictedtocreating.pl/feed/,6,6
630,http://addictedtocreating.pl/feed/,2,2
631,http://www.namekdev.net/feed/,24,3
632,http://www.namekdev.net/feed/,22,1
633,http://www.namekdev.net/feed/,16,2
634,http://www.namekdev.net/feed/,14,0
635,http://www.namekdev.net/feed/,8,1
636,http://www.namekdev.net/feed/,5,5
637,http://www.namekdev.net/feed/,2,2
638,https://barloblog.wordpress.com/feed/,20,6
639,https://barloblog.wordpress.com/feed/,19,5
640,https://barloblog.wordpress.com/feed/,12,5
641,https://barloblog.wordpress.com/feed/,9,2
642,https://barloblog.wordpress.com/feed/,5,5
643,https://barloblog.wordpress.com/feed/,2,2
644,https://barloblog.wordpress.com/feed/,2,2
645,https://barloblog.wordpress.com/feed/,1,1
646,http://itcraftsman.pl/feed/,20,6
647,http://itcraftsman.pl/feed/,19,5
648,http://www.przemyslawowsianik.net/feed/,25,4
649,http://www.przemyslawowsianik.net/feed/,22,1
650,http://www.przemyslawowsianik.net/feed/,15,1
651,http://www.przemyslawowsianik.net/feed/,13,6
652,http://www.przemyslawowsianik.net/feed/,12,5
653,http://www.przemyslawowsianik.net/feed/,6,6
654,http://www.przemyslawowsianik.net/feed/,5,5
655,http://www.przemyslawowsianik.net/feed/,1,1
656,http://www.ibpabisiak.pl/?feed=rss2,10,3
657,http://www.ibpabisiak.pl/?feed=rss2,5,5
658,http://www.ibpabisiak.pl/?feed=rss2,1,1
659,http://macieklesiczka.github.io/rss.xml,24,3
660,http://macieklesiczka.github.io/rss.xml,22,1
661,http://macieklesiczka.github.io/rss.xml,16,2
662,http://macieklesiczka.github.io/rss.xml,15,1
663,http://macieklesiczka.github.io/rss.xml,10,3
664,http://macieklesiczka.github.io/rss.xml,7,0
665,http://macieklesiczka.github.io/rss.xml,4,4
666,http://macieklesiczka.github.io/rss.xml,2,2
667,http://0x00antdot.blogspot.com/feeds/posts/default,4,4
668,http://msnowak.pl/feed/,19,5
669,http://msnowak.pl/feed/,6,6
670,http://msnowak.pl/feed/,4,4
671,http://msnowak.pl/feed/,1,1
672,http://blog.jhossa.net/feed/,26,5
673,http://blog.jhossa.net/feed/,23,2
674,http://blog.jhossa.net/feed/,19,5
675,http://blog.jhossa.net/feed/,17,3
676,http://blog.jhossa.net/feed/,14,0
677,http://blog.jhossa.net/feed/,9,2
678,http://blog.jhossa.net/feed/,8,1
679,http://blog.jhossa.net/feed/,5,5
680,http://blog.jhossa.net/feed/,1,1
681,http://nowas.pl/feed/,24,3
682,http://nowas.pl/feed/,22,1
683,http://nowas.pl/feed/,17,3
684,http://nowas.pl/feed/,15,1
685,http://nowas.pl/feed/,12,5
686,http://nowas.pl/feed/,9,2
687,http://nowas.pl/feed/,9,2
688,http://nowas.pl/feed/,6,6
689,http://nowas.pl/feed/,3,3
690,http://nowas.pl/feed/,1,1
691,http://blog.degustudios.com/index.php/feed/,21,0
692,http://blog.degustudios.com/index.php/feed/,20,6
693,http://blog.degustudios.com/index.php/feed/,14,0
694,http://blog.degustudios.com/index.php/feed/,11,4
695,http://blog.degustudios.com/index.php/feed/,10,3
696,http://blog.degustudios.com/index.php/feed/,7,0
697,http://blog.degustudios.com/index.php/feed/,6,6
698,http://blog.degustudios.com/index.php/feed/,1,1
699,https://citygame2016.wordpress.com/feed/,13,6
700,https://citygame2016.wordpress.com/feed/,9,2
701,https://citygame2016.wordpress.com/feed/,5,5
702,http://fogielpiotr.blogspot.com/feeds/posts/default,15,1
703,http://fogielpiotr.blogspot.com/feeds/posts/default,10,3
704,http://fogielpiotr.blogspot.com/feeds/posts/default,2,2
705,http://fogielpiotr.blogspot.com/feeds/posts/default,2,2
706,http://www.straightouttacode.net/rss/,2,2
707,http://blog.creyn.pl/feed/,20,6
708,http://blog.creyn.pl/feed/,12,5
709,http://blog.creyn.pl/feed/,10,3
710,http://blog.creyn.pl/feed/,5,5
711,http://blog.creyn.pl/feed/,1,1
712,https://pablitoblogblog.wordpress.com/feed/,22,1
713,https://pablitoblogblog.wordpress.com/feed/,19,5
714,https://pablitoblogblog.wordpress.com/feed/,19,5
715,https://pablitoblogblog.wordpress.com/feed/,14,0
716,https://pablitoblogblog.wordpress.com/feed/,7,0
717,https://pablitoblogblog.wordpress.com/feed/,2,2
718,http://csharks.blogspot.com/feeds/posts/default,18,4
719,https://onehundredoneblog.wordpress.com/feed/,25,4
720,https://onehundredoneblog.wordpress.com/feed/,21,0
721,https://onehundredoneblog.wordpress.com/feed/,19,5
722,https://onehundredoneblog.wordpress.com/feed/,14,0
723,https://onehundredoneblog.wordpress.com/feed/,11,4
724,https://onehundredoneblog.wordpress.com/feed/,6,6
725,https://onehundredoneblog.wordpress.com/feed/,3,3
726,http://mcupial.pl/feed/,2,2
727,http://www.select-iot.pl/feed/,26,5
728,http://www.select-iot.pl/feed/,21,0
729,http://www.select-iot.pl/feed/,21,0
730,http://www.select-iot.pl/feed/,13,6
731,http://www.select-iot.pl/feed/,13,6
732,http://twitop.azurewebsites.net/index.php/feed/,24,3
733,http://twitop.azurewebsites.net/index.php/feed/,23,2
734,http://twitop.azurewebsites.net/index.php/feed/,18,4
735,http://twitop.azurewebsites.net/index.php/feed/,17,3
736,http://twitop.azurewebsites.net/index.php/feed/,13,6
737,http://brozanski.net/index.php/feed/,21,0
738,http://brozanski.net/index.php/feed/,18,4
739,http://brozanski.net/index.php/feed/,17,3
740,http://brozanski.net/index.php/feed/,9,2
741,http://brozanski.net/index.php/feed/,7,0
742,http://arekbal.blogspot.com/feeds/posts/default,7,0
743,http://wezewkodzie.blogspot.com/feeds/posts/default,6,6
744,http://wezewkodzie.blogspot.com/feeds/posts/default,4,4
745,http://wezewkodzie.blogspot.com/feeds/posts/default,3,3
746,http://martanocon.com/?feed=rss2,24,3
747,http://martanocon.com/?feed=rss2,22,1
748,http://martanocon.com/?feed=rss2,17,3
749,http://martanocon.com/?feed=rss2,15,1
750,http://martanocon.com/?feed=rss2,6,6
751,http://martanocon.com/?feed=rss2,5,5
752,http://martanocon.com/?feed=rss2,3,3
753,http://pawelrzepinski.azurewebsites.net/feed/,25,4
754,http://pawelrzepinski.azurewebsites.net/feed/,20,6
755,http://pawelrzepinski.azurewebsites.net/feed/,20,6
756,http://pawelrzepinski.azurewebsites.net/feed/,18,4
757,http://pawelrzepinski.azurewebsites.net/feed/,13,6
758,http://pawelrzepinski.azurewebsites.net/feed/,9,2
759,http://pawelrzepinski.azurewebsites.net/feed/,6,6
760,http://pawelrzepinski.azurewebsites.net/feed/,2,2
761,http://pawelrzepinski.azurewebsites.net/feed/,1,1
762,http://pgrzesiek.pl/feed/,14,0
763,http://pgrzesiek.pl/feed/,10,3
764,http://pgrzesiek.pl/feed/,4,4
765,http://pgrzesiek.pl/feed/,1,1
766,http://krzyskowk.postach.io/feed.xml,21,0
767,http://krzyskowk.postach.io/feed.xml,19,5
768,http://krzyskowk.postach.io/feed.xml,12,5
769,http://krzyskowk.postach.io/feed.xml,5,5
770,http://krzyskowk.postach.io/feed.xml,2,2
771,http://marcindrobik.pl/Home/Rss,25,4
772,http://marcindrobik.pl/Home/Rss,20,6
773,http://marcindrobik.pl/Home/Rss,17,3
774,http://marcindrobik.pl/Home/Rss,12,5
775,http://marcindrobik.pl/Home/Rss,9,2
776,http://marcindrobik.pl/Home/Rss,4,4
777,http://marcindrobik.pl/Home/Rss,3,3
778,http://marcindrobik.pl/Home/Rss,2,2
779,http://damiankedzior.com/feed/,17,3
780,https://jporwol.wordpress.com/feed/,23,2
781,https://jporwol.wordpress.com/feed/,21,0
782,https://jporwol.wordpress.com/feed/,20,6
783,https://jporwol.wordpress.com/feed/,17,3
784,https://jporwol.wordpress.com/feed/,16,2
785,https://jporwol.wordpress.com/feed/,14,0
786,https://jporwol.wordpress.com/feed/,11,4
787,https://jporwol.wordpress.com/feed/,8,1
788,https://jporwol.wordpress.com/feed/,5,5
789,https://jporwol.wordpress.com/feed/,2,2
790,http://takiarek.com/feed/,20,6
791,http://takiarek.com/feed/,18,4
792,http://takiarek.com/feed/,8,1
793,http://ggajos.com/rss.xml,24,3
794,http://ggajos.com/rss.xml,20,6
795,http://ggajos.com/rss.xml,17,3
796,http://ggajos.com/rss.xml,14,0
797,http://ggajos.com/rss.xml,10,3
798,http://ggajos.com/rss.xml,7,0
799,http://ggajos.com/rss.xml,3,3
800,http://commitandrun.pl/feed.xml,24,3
801,http://commitandrun.pl/feed.xml,23,2
802,http://commitandrun.pl/feed.xml,19,5
803,http://commitandrun.pl/feed.xml,18,4
804,http://commitandrun.pl/feed.xml,13,6
805,http://commitandrun.pl/feed.xml,7,0
806,http://commitandrun.pl/feed.xml,6,6
807,http://czesio-w-it.2ap.pl/feed/,19,5
808,http://czesio-w-it.2ap.pl/feed/,16,2
809,http://czesio-w-it.2ap.pl/feed/,13,6
810,http://czesio-w-it.2ap.pl/feed/,11,4
811,http://czesio-w-it.2ap.pl/feed/,6,6
812,http://czesio-w-it.2ap.pl/feed/,5,5
813,http://kreskadev.azurewebsites.net/rss/,15,1
814,http://kreskadev.azurewebsites.net/rss/,8,1
815,http://kreskadev.azurewebsites.net/rss/,7,0
816,http://kreskadev.azurewebsites.net/rss/,5,5
817,https://werpuc.wordpress.com/feed/,17,3
818,https://werpuc.wordpress.com/feed/,1,1
819,http://jsdn.pl/feed/,25,4
820,http://jsdn.pl/feed/,24,3
821,http://jsdn.pl/feed/,22,1
822,http://jsdn.pl/feed/,18,4
823,http://jsdn.pl/feed/,16,2
824,http://jsdn.pl/feed/,15,1
825,http://jsdn.pl/feed/,13,6
826,http://jsdn.pl/feed/,12,5
827,http://jsdn.pl/feed/,11,4
828,http://jsdn.pl/feed/,10,3
829,http://www.marcinwojdak.pl/?feed=rss2,13,6
830,http://www.marcinwojdak.pl/?feed=rss2,13,6
831,http://slavgamebrew.com/feed/,22,1
832,http://slavgamebrew.com/feed/,14,0
833,http://slavgamebrew.com/feed/,10,3
834,http://slavgamebrew.com/feed/,1,1
835,http://blog.exmoor.pl/feed,6,6
836,http://blog.exmoor.pl/feed,3,3
837,http://blog.exmoor.pl/feed,1,1
838,https://koniecznuda.wordpress.com/feed/,21,0
839,https://koniecznuda.wordpress.com/feed/,13,6
840,https://koniecznuda.wordpress.com/feed/,6,6
841,https://koniecznuda.wordpress.com/feed/,2,2
842,https://krzysztofmorcinek.wordpress.com/feed/,4,4
843,https://krzysztofmorcinek.wordpress.com/feed/,1,1
844,http://blog.roobina.pl/?rss=516047c1-683c-4521-8ffd-143a0a546c85,3,3
845,http://blog.roobina.pl/?rss=516047c1-683c-4521-8ffd-143a0a546c85,6,6
846,http://www.arturnet.pl/feed/,23,2
847,http://www.arturnet.pl/feed/,22,1
848,http://www.arturnet.pl/feed/,18,4
849,http://www.arturnet.pl/feed/,12,5
850,http://www.arturnet.pl/feed/,9,2
851,http://www.arturnet.pl/feed/,4,4
852,http://www.arturnet.pl/feed/,1,1
853,http://www.arturnet.pl/feed/,1,1
854,http://blog.waldemarbira.pl/feed/,18,4
855,http://blog.waldemarbira.pl/feed/,14,0
856,http://blog.waldemarbira.pl/feed/,7,0
857,http://blog.waldemarbira.pl/feed/,3,3
858,http://blog.kurpio.com/feed/,25,4
859,http://blog.kurpio.com/feed/,25,4
860,http://blog.kurpio.com/feed/,18,4
861,http://blog.kurpio.com/feed/,15,1
862,http://blog.kurpio.com/feed/,4,4
863,http://blog.kurpio.com/feed/,4,4
864,http://codestorm.pl/feed/,19,5
865,http://codestorm.pl/feed/,17,3
866,http://codestorm.pl/feed/,13,6
867,http://codestorm.pl/feed/,8,1
868,http://codestorm.pl/feed/,4,4
869,http://lukasz-zborek.pl/feed/,25,4
870,http://lukasz-zborek.pl/feed/,22,1
871,http://lukasz-zborek.pl/feed/,19,5
872,http://lukasz-zborek.pl/feed/,16,2
873,http://lukasz-zborek.pl/feed/,13,6
874,http://lukasz-zborek.pl/feed/,11,4
875,http://lukasz-zborek.pl/feed/,7,0
876,http://lukasz-zborek.pl/feed/,1,1
877,http://mariuszbartosik.com/feed/,9,2
878,http://mariuszbartosik.com/feed/,6,6
879,http://mariuszbartosik.com/feed/,2,2
880,http://www.sgierlowski.pl/posts/rssfeed,20,5
881,http://www.sgierlowski.pl/posts/rssfeed,20,0
882,http://bartmalanczuk.github.io/feed.xml,25,4
883,http://bartmalanczuk.github.io/feed.xml,22,1
884,http://bartmalanczuk.github.io/feed.xml,18,4
885,http://bartmalanczuk.github.io/feed.xml,13,6
886,http://bartmalanczuk.github.io/feed.xml,10,3
887,http://bartmalanczuk.github.io/feed.xml,4,4
888,http://bartmalanczuk.github.io/feed.xml,1,1
889,http://www.winiar.pl/blog/feed/,17,3
890,http://www.winiar.pl/blog/feed/,11,4
891,http://msaldak.pl/feed/,20,6
892,http://msaldak.pl/feed/,13,6
893,http://msaldak.pl/feed/,12,5
894,http://krzysztofabramowicz.com/feed/,19,5
895,http://krzysztofabramowicz.com/feed/,13,6
896,http://krzysztofabramowicz.com/feed/,8,1
897,http://krzysztofabramowicz.com/feed/,4,4
898,http://krzysztofabramowicz.com/feed/,1,1
899,https://zerojedynka.wordpress.com/feed/,2,2
900,https://kamilhawdziejuk.wordpress.com/feed/,24,3
901,https://kamilhawdziejuk.wordpress.com/feed/,21,0
902,https://kamilhawdziejuk.wordpress.com/feed/,17,3
903,https://kamilhawdziejuk.wordpress.com/feed/,11,4
904,https://kamilhawdziejuk.wordpress.com/feed/,8,1
905,https://kamilhawdziejuk.wordpress.com/feed/,5,5
906,https://kamilhawdziejuk.wordpress.com/feed/,5,5
907,https://kamilhawdziejuk.wordpress.com/feed/,2,2
908,http://paweldobrzanski.pl/feed,15,1
909,http://paweldobrzanski.pl/feed,8,1
910,http://foreverframe.pl/feed/,23,2
911,http://foreverframe.pl/feed/,21,0
912,http://foreverframe.pl/feed/,20,6
913,http://foreverframe.pl/feed/,17,3
914,http://foreverframe.pl/feed/,16,2
915,http://foreverframe.pl/feed/,13,6
916,http://foreverframe.pl/feed/,9,2
917,http://foreverframe.pl/feed/,7,0
918,http://foreverframe.pl/feed/,6,6
919,http://foreverframe.pl/feed/,2,2
920,https://bzaremba.wordpress.com/feed/,13,6
921,https://bzaremba.wordpress.com/feed/,12,5
922,https://bzaremba.wordpress.com/feed/,6,6
923,https://bzaremba.wordpress.com/feed/,5,5
924,http://marcinkowalczyk.pl/blog/feed/,13,6
925,http://marcinkowalczyk.pl/blog/feed/,13,6
926,http://marcinkowalczyk.pl/blog/feed/,6,6
927,http://marcinkowalczyk.pl/blog/feed/,6,6
928,http://marcinkowalczyk.pl/blog/feed/,5,5
929,http://www.webatelier.io/blog.xml,22,1
930,http://www.webatelier.io/blog.xml,12,5
931,http://www.webatelier.io/blog.xml,7,0
932,http://rutkowski.in/feed/,3,3
933,http://jagielski.net/feed/,6,6
934,http://jagielski.net/feed/,2,2
935,http://plotzwi.com/feed/,21,0
936,http://plotzwi.com/feed/,14,0
937,http://plotzwi.com/feed/,9,2
938,http://plotzwi.com/feed/,8,1
939,http://plotzwi.com/feed/,3,3
940,http://plotzwi.com/feed/,2,2
941,https://netgwg.wordpress.com/feed/,6,6
942,https://netgwg.wordpress.com/feed/,4,4
943,http://coder-log.blogspot.com/feeds/posts/default,2,2
944,http://dev30.pl/feed/,24,3
945,http://dev30.pl/feed/,22,1
946,http://dev30.pl/feed/,7,0
947,http://dev30.pl/feed/,1,1
948,https://chrisseroka.wordpress.com/feed/,6,6
949,https://chrisseroka.wordpress.com/feed/,3,3
950,https://chrisseroka.wordpress.com/feed/,1,1
951,http://www.andrzejdubaj.com/feed/,19,5
952,http://www.andrzejdubaj.com/feed/,17,3
953,http://www.andrzejdubaj.com/feed/,13,6
954,http://www.andrzejdubaj.com/feed/,8,1
955,http://www.andrzejdubaj.com/feed/,6,6
956,http://agatamroz.com.pl/feed/,7,0
957,http://agatamroz.com.pl/feed/,3,3
958,https://fadwick.wordpress.com/feed/,2,2
959,https://fadwick.wordpress.com/feed/,1,1
960,http://t-code.pl/atom.xml,24,3
961,http://t-code.pl/atom.xml,21,0
962,http://t-code.pl/atom.xml,19,5
963,http://t-code.pl/atom.xml,17,3
964,http://t-code.pl/atom.xml,13,6
965,http://t-code.pl/atom.xml,12,5
966,http://t-code.pl/atom.xml,11,4
967,http://t-code.pl/atom.xml,7,0
968,http://t-code.pl/atom.xml,7,0
969,http://t-code.pl/atom.xml,6,6
970,http://t-code.pl/atom.xml,3,3
971,http://t-code.pl/atom.xml,2,2
972,http://zelazowy.github.io/feed.xml,21,0
973,http://zelazowy.github.io/feed.xml,18,4
974,http://zelazowy.github.io/feed.xml,12,5
975,http://zelazowy.github.io/feed.xml,10,3
976,http://zelazowy.github.io/feed.xml,4,4
977,http://zelazowy.github.io/feed.xml,1,1
978,http://www.owsiak.org/?feed=rss2,23,2
979,http://www.owsiak.org/?feed=rss2,18,4
980,http://www.owsiak.org/?feed=rss2,14,0
981,http://www.owsiak.org/?feed=rss2,11,4
982,http://www.owsiak.org/?feed=rss2,10,3
983,http://www.owsiak.org/?feed=rss2,10,3
984,http://www.owsiak.org/?feed=rss2,9,2
985,http://www.owsiak.org/?feed=rss2,9,2
986,http://www.owsiak.org/?feed=rss2,8,1
987,http://www.owsiak.org/?feed=rss2,8,1
988,http://programuje.net/feed/,22,1
989,http://programuje.net/feed/,16,2
990,http://programuje.net/feed/,14,0
991,http://programuje.net/feed/,8,1
992,http://programuje.net/feed/,7,0
993,http://programuje.net/feed/,6,6
994,http://programuje.net/feed/,3,3
995,http://programuje.net/feed/,3,3
996,http://tomaszsokol.pl/feed/,25,4
997,http://tomaszsokol.pl/feed/,17,3
998,http://tomaszsokol.pl/feed/,12,5
999,http://tomaszsokol.pl/feed/,11,4
1000,http://tomaszsokol.pl/feed/,7,0
1001,http://tomaszsokol.pl/feed/,5,5
1002,http://tomaszsokol.pl/feed/,4,4
1003,http://tomaszsokol.pl/feed/,2,2
1004,http://tomaszsokol.pl/feed/,1,1
1005,http://newstech.pl/feed/,16,2
1006,http://newstech.pl/feed/,10,3
1007,http://newstech.pl/feed/,4,4
1008,http://findfriendsswift.blogspot.com/feeds/posts/default,5,5
1009,http://findfriendsswift.blogspot.com/feeds/posts/default,3,3
1010,http://findfriendsswift.blogspot.com/feeds/posts/default,3,3
1011,http://lazarusdev.pl/feed/,17,3
1012,http://lazarusdev.pl/feed/,10,3
1013,http://lazarusdev.pl/feed/,7,0
1014,http://lazarusdev.pl/feed/,4,4
1015,http://lazarusdev.pl/feed/,4,4
1016,http://novakov.github.io/feed.xml,24,3
1017,http://novakov.github.io/feed.xml,20,6
1018,http://novakov.github.io/feed.xml,16,2
1019,http://novakov.github.io/feed.xml,15,1
1020,http://novakov.github.io/feed.xml,8,1
1021,http://novakov.github.io/feed.xml,6,6
1022,http://novakov.github.io/feed.xml,2,2
1023,http://tsovek.blogspot.com/feeds/posts/default,26,5
1024,http://tsovek.blogspot.com/feeds/posts/default,19,5
1025,http://tsovek.blogspot.com/feeds/posts/default,14,0
1026,http://tsovek.blogspot.com/feeds/posts/default,8,1
1027,http://tsovek.blogspot.com/feeds/posts/default,3,3
1028,http://blog.buczaj.com/feed/,3,3
1029,http://piotrgankiewicz.com/feed/,24,3
1030,http://piotrgankiewicz.com/feed/,21,0
1031,http://piotrgankiewicz.com/feed/,18,4
1032,http://piotrgankiewicz.com/feed/,15,1
1033,http://piotrgankiewicz.com/feed/,14,0
1034,http://piotrgankiewicz.com/feed/,11,4
1035,http://piotrgankiewicz.com/feed/,10,3
1036,http://piotrgankiewicz.com/feed/,8,1
1037,http://piotrgankiewicz.com/feed/,7,0
1038,http://piotrgankiewicz.com/feed/,5,5
1039,https://admincenterblog.wordpress.com/feed/,12,5
1040,https://admincenterblog.wordpress.com/feed/,10,3
1041,https://admincenterblog.wordpress.com/feed/,9,2
1042,https://admincenterblog.wordpress.com/feed/,6,6
1043,https://gettoknowthebob.wordpress.com/feed/,21,0
1044,https://gettoknowthebob.wordpress.com/feed/,19,5
1045,https://gettoknowthebob.wordpress.com/feed/,13,6
1046,https://gettoknowthebob.wordpress.com/feed/,12,5
1047,https://gettoknowthebob.wordpress.com/feed/,8,1
1048,https://gettoknowthebob.wordpress.com/feed/,6,6
1049,http://zszywacz.azurewebsites.net/feed/,5,5
1050,http://improsoft.blogspot.com/feeds/posts/default,26,5
1051,http://improsoft.blogspot.com/feeds/posts/default,20,6
1052,http://improsoft.blogspot.com/feeds/posts/default,18,4
1053,http://improsoft.blogspot.com/feeds/posts/default,13,6
1054,http://improsoft.blogspot.com/feeds/posts/default,12,5
1055,http://improsoft.blogspot.com/feeds/posts/default,6,6
1056,http://lazybitch.com/feed,20,6
1057,http://lazybitch.com/feed,16,2
1058,http://lazybitch.com/feed,10,3
1059,http://lazybitch.com/feed,6,6
1060,http://lazybitch.com/feed,4,4
1061,http://pewudev.pl/feed/,24,3
1062,http://pewudev.pl/feed/,20,6
1063,http://pewudev.pl/feed/,19,5
1064,http://pewudev.pl/feed/,16,2
1065,http://pewudev.pl/feed/,14,0
1066,http://pewudev.pl/feed/,13,6
1067,http://pewudev.pl/feed/,10,3
1068,http://pewudev.pl/feed/,9,2
1069,http://pewudev.pl/feed/,7,0
1070,http://pewudev.pl/feed/,5,5
1071,http://mborowy.com/feed/,20,6
1072,http://mborowy.com/feed/,20,6
1073,http://cleancodestruggle.blogspot.com/feeds/posts/default,21,0
1074,http://cleancodestruggle.blogspot.com/feeds/posts/default,18,4
1075,http://cleancodestruggle.blogspot.com/feeds/posts/default,15,1
1076,http://cleancodestruggle.blogspot.com/feeds/posts/default,14,0
1077,http://cleancodestruggle.blogspot.com/feeds/posts/default,7,0
1078,http://lukaszmocarski.com/feed/,20,6
1079,http://lukaszmocarski.com/feed/,13,6
1080,http://lukaszmocarski.com/feed/,11,4
1081,http://lukaszmocarski.com/feed/,9,2
1082,http://lukaszmocarski.com/feed/,4,4
1083,http://blog.rakaz.pl/feed/,17,3
1084,http://blog.rakaz.pl/feed/,10,3
1085,http://blog.rakaz.pl/feed/,8,1
1086,http://blog.rakaz.pl/feed/,7,0
1087,http://ionicdsp.eu/?feed=rss2,16,2
1088,http://www.codiferent.pl/feed/,17,3
1089,http://www.codiferent.pl/feed/,10,3
1090,http://spine.angrybits.pl/?feed=rss2,23,2
1091,http://spine.angrybits.pl/?feed=rss2,19,5
1092,http://spine.angrybits.pl/?feed=rss2,16,2
1093,http://spine.angrybits.pl/?feed=rss2,15,1
1094,http://spine.angrybits.pl/?feed=rss2,12,5
1095,http://spine.angrybits.pl/?feed=rss2,12,5
1096,http://spine.angrybits.pl/?feed=rss2,12,5
1097,http://spine.angrybits.pl/?feed=rss2,10,3
1098,http://spine.angrybits.pl/?feed=rss2,9,2
1099,http://bnowakowski.pl/en/feed/,9,2
1100,http://kazaarblog.blogspot.com/feeds/posts/default,9,2
1101,http://blog.yotkaz.me/feeds/posts/default,25,4
1102,http://blog.yotkaz.me/feeds/posts/default,22,1
1103,http://blog.yotkaz.me/feeds/posts/default,16,2
1104,http://blog.yotkaz.me/feeds/posts/default,9,2
1105,http://blog.yotkaz.me/feeds/posts/default,6,6
1106,http://langusblog.pl/index.php/feed/,25,4
1107,http://langusblog.pl/index.php/feed/,24,3
1108,http://langusblog.pl/index.php/feed/,19,5
1109,http://langusblog.pl/index.php/feed/,18,4
1110,http://langusblog.pl/index.php/feed/,17,3
1111,http://langusblog.pl/index.php/feed/,14,0
1112,http://langusblog.pl/index.php/feed/,10,3
1113,http://langusblog.pl/index.php/feed/,10,3
1114,http://langusblog.pl/index.php/feed/,9,2
1115,http://podziemiazamkul.blogspot.com/feeds/posts/default,22,1
1116,http://podziemiazamkul.blogspot.com/feeds/posts/default,21,0
1117,http://podziemiazamkul.blogspot.com/feeds/posts/default,16,2
1118,http://podziemiazamkul.blogspot.com/feeds/posts/default,15,1
1119,http://podziemiazamkul.blogspot.com/feeds/posts/default,14,0
1120,http://podziemiazamkul.blogspot.com/feeds/posts/default,12,5
1121,http://podziemiazamkul.blogspot.com/feeds/posts/default,10,3
1122,http://podziemiazamkul.blogspot.com/feeds/posts/default,7,0
1123,http://podziemiazamkul.blogspot.com/feeds/posts/default,4,4
1124,http://www.wlangiewicz.com/feed/,25,4
1125,http://www.wlangiewicz.com/feed/,23,2
1126,http://www.wlangiewicz.com/feed/,20,6
1127,http://www.wlangiewicz.com/feed/,14,0
1128,http://www.wlangiewicz.com/feed/,14,0
1129,http://www.wlangiewicz.com/feed/,7,0
1130,http://www.wlangiewicz.com/feed/,7,0
1131,http://resumees.net/devblog/feed/,16,2
1132,http://resumees.net/devblog/feed/,13,6
1133,http://resumees.net/devblog/feed/,12,5
1134,http://resumees.net/devblog/feed/,12,5
1135,http://resumees.net/devblog/feed/,10,3
1136,https://uwagababaprogramuje.wordpress.com/feed/,25,4
1137,https://uwagababaprogramuje.wordpress.com/feed/,23,2
1138,https://uwagababaprogramuje.wordpress.com/feed/,20,6
1139,https://uwagababaprogramuje.wordpress.com/feed/,15,1
1140,https://uwagababaprogramuje.wordpress.com/feed/,11,4
1141,https://uwagababaprogramuje.wordpress.com/feed/,2,2
1142,http://terianil.blogspot.com/feeds/posts/default,23,2
1143,http://sirdigital.pl/index.php/feed/,17,3
1144,http://sirdigital.pl/index.php/feed/,12,5
1145,http://sirdigital.pl/index.php/feed/,12,5
1146,http://mmalczewski.pl/index.php/feed/,12,5
1147,http://cojakodze.pl/feed/,25,4
1148,http://cojakodze.pl/feed/,23,2
1149,http://cojakodze.pl/feed/,20,6
1150,http://cojakodze.pl/feed/,16,2
1151,http://cojakodze.pl/feed/,13,6
1152,http://cojakodze.pl/feed/,12,5
1153,http://mieczyk.vilya.pl/feed/,20,6
1154,http://mieczyk.vilya.pl/feed/,14,0
1155,https://jendaapkatygodniowo.wordpress.com/feed/,25,4
1156,https://jendaapkatygodniowo.wordpress.com/feed/,20,6
1157,https://jendaapkatygodniowo.wordpress.com/feed/,18,4
1158,http://dziury-w-calym.pl/feed/,20,6
1159,http://dziury-w-calym.pl/feed/,14,0
1160,http://sweetprogramming.com/feed/,10,3
1161,http://sweetprogramming.com/feed/,8,1
1162,https://branegblog.wordpress.com/feed/,20,6
1163,https://branegblog.wordpress.com/feed/,13,6
1164,https://branegblog.wordpress.com/feed/,12,5
1165,http://przemek.ciacka.com/feed.xml,16,2
1166,http://przemek.ciacka.com/feed.xml,12,5
1167,http://maciektalaska.github.io/atom.xml,17,3
1168,http://maciektalaska.github.io/atom.xml,6,6
1169,http://maciektalaska.github.io/atom.xml,5,5
1170,http://www.mguzdek.pl/feed/,18,4
1171,https://tomaszprasolek.wordpress.com/feed/,26,5
1172,https://tomaszprasolek.wordpress.com/feed/,17,3
1173,https://tomaszprasolek.wordpress.com/feed/,15,1
1174,https://tomaszprasolek.wordpress.com/feed/,14,0
1175,http://mrojecki.azurewebsites.net/rss/,13,6
1176,http://itka4yk.blogspot.com/feeds/posts/default,13,6
1177,http://itka4yk.blogspot.com/feeds/posts/default,13,6
1178,http://whitebear.com.pl/feed/,13,6
1179,http://whitebear.com.pl/feed/,13,6
1180,http://mzieba.com/feed/,13,6
1181,https://alpac4blog.wordpress.com/feed/,23,2
1182,https://alpac4blog.wordpress.com/feed/,22,1
1183,https://alpac4blog.wordpress.com/feed/,16,2
1184,https://alpac4blog.wordpress.com/feed/,14,0
1185,https://alpac4blog.wordpress.com/feed/,9,2
1186,http://blog.forigi.com/feed/,20,6
1187,http://blog.forigi.com/feed/,15,1
1188,http://www.code-addict.pl/feed,24,3
1189,http://www.code-addict.pl/feed,20,6
1190,http://www.code-addict.pl/feed,17,3
1191,http://tomaszkacmajor.pl/index.php/feed/,20,6
1192,http://tomaszkacmajor.pl/index.php/feed/,19,5
1193,http://tomaszkacmajor.pl/index.php/feed/,14,0
1194,http://marcinkruszynski.blogspot.com/feeds/posts/default,23,2
1195,http://marcinkruszynski.blogspot.com/feeds/posts/default,21,0
1196,http://marcinkruszynski.blogspot.com/feeds/posts/default,20,6
1197,http://marcinkruszynski.blogspot.com/feeds/posts/default,18,4
1198,http://marcinkruszynski.blogspot.com/feeds/posts/default,13,6
1199,http://blog.stanaszek.pl/feed/,24,3
1200,http://blog.stanaszek.pl/feed/,22,1
1201,http://blog.stanaszek.pl/feed/,20,6
1202,http://memforis.info/feed/,20,6
